id,sbi
20231204_500119067_00:00,9.041226625442505
20231204_500119067_00:20,8.882441282272339
20231204_500119067_00:40,8.764472961425781
20231204_500119067_01:00,8.693697810173035
20231204_500119067_01:20,8.617074728012085
20231204_500119067_01:40,8.621230363845825
20231204_500119067_02:00,8.612022042274475
20231204_500119067_02:20,8.60466206073761
20231204_500119067_02:40,8.632826089859009
20231204_500119067_03:00,8.650707006454468
20231204_500119067_03:20,8.70989978313446
20231204_500119067_03:40,8.766971349716187
20231204_500119067_04:00,8.81987476348877
20231204_500119067_04:20,8.914573192596436
20231204_500119067_04:40,9.040063381195068
20231204_500119067_05:00,9.152774572372437
20231204_500119067_05:20,9.268696784973145
20231204_500119067_05:40,9.403181672096252
20231204_500119067_06:00,9.57809054851532
20231204_500119067_06:20,9.788182139396667
20231204_500119067_06:40,9.977599024772644
20231204_500119067_07:00,10.192754983901978
20231204_500119067_07:20,10.406394720077515
20231204_500119067_07:40,10.594120979309082
20231204_500119067_08:00,10.8441241979599
20231204_500119067_08:20,11.05001425743103
20231204_500119067_08:40,11.250537037849426
20231204_500119067_09:00,11.430841565132141
20231204_500119067_09:20,11.531834363937378
20231204_500119067_09:40,11.64970588684082
20231204_500119067_10:00,11.776646375656128
20231204_500119067_10:20,11.843003869056702
20231204_500119067_10:40,11.852656960487366
20231204_500119067_11:00,11.86888563632965
20231204_500119067_11:20,11.86951231956482
20231204_500119067_11:40,11.90164840221405
20231204_500119067_12:00,11.931989550590515
20231204_500119067_12:20,11.964155673980713
20231204_500119067_12:40,11.97946310043335
20231204_500119067_13:00,11.981593489646912
20231204_500119067_13:20,12.02423882484436
20231204_500119067_13:40,12.055345177650452
20231204_500119067_14:00,12.046480655670166
20231204_500119067_14:20,12.023125648498535
20231204_500119067_14:40,11.980914235115051
20231204_500119067_15:00,11.955856084823608
20231204_500119067_15:20,11.914748668670654
20231204_500119067_15:40,11.840630650520325
20231204_500119067_16:00,11.778652429580688
20231204_500119067_16:20,11.749507904052734
20231204_500119067_16:40,11.758611917495728
20231204_500119067_17:00,11.784637212753296
20231204_500119067_17:20,11.824257612228394
20231204_500119067_17:40,11.794714212417603
20231204_500119067_18:00,11.752536177635193
20231204_500119067_18:20,11.705682635307312
20231204_500119067_18:40,11.644946098327637
20231204_500119067_19:00,11.594966650009155
20231204_500119067_19:20,11.4970463514328
20231204_500119067_19:40,11.428031921386719
20231204_500119067_20:00,11.33249568939209
20231204_500119067_20:20,11.252999544143677
20231204_500119067_20:40,11.19571602344513
20231204_500119067_21:00,11.138962388038635
20231204_500119067_21:20,11.04688835144043
20231204_500119067_21:40,10.938508033752441
20231204_500119067_22:00,10.795031785964966
20231204_500119067_22:20,10.70085322856903
20231204_500119067_22:40,10.631951451301575
20231204_500119067_23:00,10.514048218727112
20231204_500119067_23:20,10.404523849487305
20231204_500119067_23:40,10.276779770851135
20231205_500119067_00:00,10.146605730056763
20231205_500119067_00:20,10.044568181037903
20231205_500119067_00:40,9.955363035202026
20231205_500119067_01:00,9.833931684494019
20231205_500119067_01:20,9.752268433570862
20231205_500119067_01:40,9.632601976394653
20231205_500119067_02:00,9.575300931930542
20231205_500119067_02:20,9.541994094848633
20231205_500119067_02:40,9.474484205245972
20231205_500119067_03:00,9.442729473114014
20231205_500119067_03:20,9.426573395729065
20231205_500119067_03:40,9.410261273384094
20231205_500119067_04:00,9.441091418266296
20231205_500119067_04:20,9.459661602973938
20231205_500119067_04:40,9.511440992355347
20231205_500119067_05:00,9.556645631790161
20231205_500119067_05:20,9.641075134277344
20231205_500119067_05:40,9.797305345535278
20231205_500119067_06:00,9.958479762077332
20231205_500119067_06:20,10.11123776435852
20231205_500119067_06:40,10.30785357952118
20231205_500119067_07:00,10.4751296043396
20231205_500119067_07:20,10.634932160377502
20231205_500119067_07:40,10.815047264099121
20231205_500119067_08:00,10.977459192276001
20231205_500119067_08:20,11.119260668754578
20231205_500119067_08:40,11.25855541229248
20231205_500119067_09:00,11.344557046890259
20231205_500119067_09:20,11.381805062294006
20231205_500119067_09:40,11.455807089805603
20231205_500119067_10:00,11.540273308753967
20231205_500119067_10:20,11.583713054656982
20231205_500119067_10:40,11.627895474433899
20231205_500119067_11:00,11.646257877349854
20231205_500119067_11:20,11.70104718208313
20231205_500119067_11:40,11.763240694999695
20231205_500119067_12:00,11.827718138694763
20231205_500119067_12:20,11.876062870025635
20231205_500119067_12:40,11.929836630821228
20231205_500119067_13:00,12.027222871780396
20231205_500119067_13:20,12.114810824394226
20231205_500119067_13:40,12.163711309432983
20231205_500119067_14:00,12.17453682422638
20231205_500119067_14:20,12.179901599884033
20231205_500119067_14:40,12.174068689346313
20231205_500119067_15:00,12.175127625465393
20231205_500119067_15:20,12.143223524093628
20231205_500119067_15:40,12.083792924880981
20231205_500119067_16:00,12.071502923965454
20231205_500119067_16:20,12.083749532699585
20231205_500119067_16:40,12.141093134880066
20231205_500119067_17:00,12.227890849113464
20231205_500119067_17:20,12.191559076309204
20231205_500119067_17:40,12.14152705669403
20231205_500119067_18:00,12.100263595581055
20231205_500119067_18:20,12.031484484672546
20231205_500119067_18:40,11.961169958114624
20231205_500119067_19:00,11.837895274162292
20231205_500119067_19:20,11.703328609466553
20231205_500119067_19:40,11.573713660240173
20231205_500119067_20:00,11.445622444152832
20231205_500119067_20:20,11.315523505210876
20231205_500119067_20:40,11.188510417938232
20231205_500119067_21:00,11.064760088920593
20231205_500119067_21:20,10.898878455162048
20231205_500119067_21:40,10.708990931510925
20231205_500119067_22:00,10.534708738327026
20231205_500119067_22:20,10.387756109237671
20231205_500119067_22:40,10.221337914466858
20231205_500119067_23:00,10.037644624710083
20231205_500119067_23:20,9.856029987335205
20231205_500119067_23:40,9.663310289382935
20231206_500119067_00:00,9.509494185447693
20231206_500119067_00:20,9.441182374954224
20231206_500119067_00:40,9.383686065673828
20231206_500119067_01:00,9.336925983428955
20231206_500119067_01:20,9.30063259601593
20231206_500119067_01:40,9.274628162384033
20231206_500119067_02:00,9.258588075637817
20231206_500119067_02:20,9.25270676612854
20231206_500119067_02:40,9.2568039894104
20231206_500119067_03:00,9.271173477172852
20231206_500119067_03:20,9.295079231262207
20231206_500119067_03:40,9.32859468460083
20231206_500119067_04:00,9.371994376182556
20231206_500119067_04:20,9.42470669746399
20231206_500119067_04:40,9.486135005950928
20231206_500119067_05:00,9.555700182914734
20231206_500119067_05:20,9.63286566734314
20231206_500119067_05:40,9.71768319606781
20231206_500119067_06:00,9.809288263320923
20231206_500119067_06:20,9.905578017234802
20231206_500119067_06:40,10.005975008010864
20231206_500119067_07:00,10.109832525253296
20231206_500119067_07:20,10.215819597244263
20231206_500119067_07:40,10.32437014579773
20231206_500119067_08:00,10.4337660074234
20231206_500119067_08:20,10.542675375938416
20231206_500119067_08:40,10.651190042495728
20231206_500119067_09:00,10.757941484451294
20231206_500119067_09:20,10.863800883293152
20231206_500119067_09:40,10.968868374824524
20231206_500119067_10:00,11.071077823638916
20231206_500119067_10:20,11.170185565948486
20231206_500119067_10:40,11.265958786010742
20231206_500119067_11:00,11.35848093032837
20231206_500119067_11:20,11.447400689125061
20231206_500119067_11:40,11.531554818153381
20231206_500119067_12:00,11.609568119049072
20231206_500119067_12:20,11.681403875350952
20231206_500119067_12:40,11.745463252067566
20231206_500119067_13:00,11.802042484283447
20231206_500119067_13:20,11.850413084030151
20231206_500119067_13:40,11.889257431030273
20231206_500119067_14:00,11.919053673744202
20231206_500119067_14:20,11.939442157745361
20231206_500119067_14:40,11.950371980667114
20231206_500119067_15:00,11.951926589012146
20231206_500119067_15:20,11.943556070327759
20231206_500119067_15:40,11.92574942111969
20231206_500119067_16:00,11.899356961250305
20231206_500119067_16:20,11.863356471061707
20231206_500119067_16:40,11.818092584609985
20231206_500119067_17:00,11.763627886772156
20231206_500119067_17:20,11.699853897094727
20231206_500119067_17:40,11.627634286880493
20231206_500119067_18:00,11.547735929489136
20231206_500119067_18:20,11.460381627082825
20231206_500119067_18:40,11.366963267326355
20231206_500119067_19:00,11.267535924911499
20231206_500119067_19:20,11.162500143051147
20231206_500119067_19:40,11.052959084510803
20231206_500119067_20:00,10.938845157623291
20231206_500119067_20:20,10.821485161781311
20231206_500119067_20:40,10.70130717754364
20231206_500119067_21:00,10.578539848327637
20231206_500119067_21:20,10.454821228981018
20231206_500119067_21:40,10.331336259841919
20231206_500119067_22:00,10.209933280944824
20231206_500119067_22:20,10.092105150222778
20231206_500119067_22:40,9.977709174156189
20231206_500119067_23:00,9.867876052856445
20231206_500119067_23:20,9.76489806175232
20231206_500119067_23:40,9.669228315353394
20231207_500119067_00:00,9.582231163978577
20231207_500119067_00:20,9.504706025123596
20231207_500119067_00:40,9.43606960773468
20231207_500119067_01:00,9.377336621284485
20231207_500119067_01:20,9.329218029975891
20231207_500119067_01:40,9.291517734527588
20231207_500119067_02:00,9.265424847602844
20231207_500119067_02:20,9.249606728553772
20231207_500119067_02:40,9.24428117275238
20231207_500119067_03:00,9.250279307365417
20231207_500119067_03:20,9.266911029815674
20231207_500119067_03:40,9.294189691543579
20231207_500119067_04:00,9.331881642341614
20231207_500119067_04:20,9.37927508354187
20231207_500119067_04:40,9.436344146728516
20231207_500119067_05:00,9.502389550209045
20231207_500119067_05:20,9.577206015586853
20231207_500119067_05:40,9.659732103347778
20231207_500119067_06:00,9.748523354530334
20231207_500119067_06:20,9.843288540840149
20231207_500119067_06:40,9.943143129348755
20231207_500119067_07:00,10.04682207107544
20231207_500119067_07:20,10.154217720031738
20231207_500119067_07:40,10.264691710472107
20231207_500119067_08:00,10.37686800956726
20231207_500119067_08:20,10.490513801574707
20231207_500119067_08:40,10.60497236251831
20231207_500119067_09:00,10.719220638275146
20231207_500119067_09:20,10.833813548088074
20231207_500119067_09:40,10.948008418083191
20231207_500119067_10:00,11.060169696807861
20231207_500119067_10:20,11.169891834259033
20231207_500119067_10:40,11.276442170143127
20231207_500119067_11:00,11.379116415977478
20231207_500119067_11:20,11.477356314659119
20231207_500119067_11:40,11.569810032844543
20231207_500119067_12:00,11.655460357666016
20231207_500119067_12:20,11.73338770866394
20231207_500119067_12:40,11.803173184394836
20231207_500119067_13:00,11.863792061805725
20231207_500119067_13:20,11.914081931114197
20231207_500119067_13:40,11.953678131103516
20231207_500119067_14:00,11.982609033584595
20231207_500119067_14:20,12.000936388969421
20231207_500119067_14:40,12.008445739746094
20231207_500119067_15:00,12.005153775215149
20231207_500119067_15:20,11.990795135498047
20231207_500119067_15:40,11.966086626052856
20231207_500119067_16:00,11.931384563446045
20231207_500119067_16:20,11.886337637901306
20231207_500119067_16:40,11.831196188926697
20231207_500119067_17:00,11.765728235244751
20231207_500119067_17:20,11.690391898155212
20231207_500119067_17:40,11.60681688785553
20231207_500119067_18:00,11.51547384262085
20231207_500119067_18:20,11.416997790336609
20231207_500119067_18:40,11.312052965164185
20231207_500119067_19:00,11.201260209083557
20231207_500119067_19:20,11.085749387741089
20231207_500119067_19:40,10.96625816822052
20231207_500119067_20:00,10.843426585197449
20231207_500119067_20:20,10.718088269233704
20231207_500119067_20:40,10.5912504196167
20231207_500119067_21:00,10.46371328830719
20231207_500119067_21:20,10.336626768112183
20231207_500119067_21:40,10.211731553077698
20231207_500119067_22:00,10.09041702747345
20231207_500119067_22:20,9.973570227622986
20231207_500119067_22:40,9.862109899520874
20231207_500119067_23:00,9.757481336593628
20231207_500119067_23:20,9.660849452018738
20231207_500119067_23:40,9.57306706905365
20231208_500119067_00:00,9.494945287704468
20231208_500119067_00:20,9.426339745521545
20231208_500119067_00:40,9.36683988571167
20231208_500119067_01:00,9.316758632659912
20231208_500119067_01:20,9.276316285133362
20231208_500119067_01:40,9.245694756507874
20231208_500119067_02:00,9.225042581558228
20231208_500119067_02:20,9.214447379112244
20231208_500119067_02:40,9.21397590637207
20231208_500119067_03:00,9.223645687103271
20231208_500119067_03:20,9.243406653404236
20231208_500119067_03:40,9.273186206817627
20231208_500119067_04:00,9.312823295593262
20231208_500119067_04:20,9.362080097198486
20231208_500119067_04:40,9.420662879943848
20231208_500119067_05:00,9.488191962242126
20231208_500119067_05:20,9.564204216003418
20231208_500119067_05:40,9.648182272911072
20231208_500119067_06:00,9.739487767219543
20231208_500119067_06:20,9.837435603141785
20231208_500119067_06:40,9.941293120384216
20231208_500119067_07:00,10.050251722335815
20231208_500119067_07:20,10.163469433784485
20231208_500119067_07:40,10.28005588054657
20231208_500119067_08:00,10.399074792861938
20231208_500119067_08:20,10.519614100456238
20231208_500119067_08:40,10.64075756072998
20231208_500119067_09:00,10.761592268943787
20231208_500119067_09:20,10.88124704360962
20231208_500119067_09:40,10.998819828033447
20231208_500119067_10:00,11.113445281982422
20231208_500119067_10:20,11.224307298660278
20231208_500119067_10:40,11.330581426620483
20231208_500119067_11:00,11.431459903717041
20231208_500119067_11:20,11.526126623153687
20231208_500119067_11:40,11.613762974739075
20231208_500119067_12:00,11.693600416183472
20231208_500119067_12:20,11.764902949333191
20231208_500119067_12:40,11.826988816261292
20231208_500119067_13:00,11.879275560379028
20231208_500119067_13:20,11.921252489089966
20231208_500119067_13:40,11.952548265457153
20231208_500119067_14:00,11.972920894622803
20231208_500119067_14:20,11.982241034507751
20231208_500119067_14:40,11.980525374412537
20231208_500119067_15:00,11.967902421951294
20231208_500119067_15:20,11.944607496261597
20231208_500119067_15:40,11.910981059074402
20231208_500119067_16:00,11.867417812347412
20231208_500119067_16:20,11.814355850219727
20231208_500119067_16:40,11.752297520637512
20231208_500119067_17:00,11.681754350662231
20231208_500119067_17:20,11.60325288772583
20231208_500119067_17:40,11.517338037490845
20231208_500119067_18:00,11.424554705619812
20231208_500119067_18:20,11.325465321540833
20231208_500119067_18:40,11.220665693283081
20231208_500119067_19:00,11.110751628875732
20231208_500119067_19:20,10.996392369270325
20231208_500119067_19:40,10.8783038854599
20231208_500119067_20:00,10.757261395454407
20231208_500119067_20:20,10.634131908416748
20231208_500119067_20:40,10.509835004806519
20231208_500119067_21:00,10.385393738746643
20231208_500119067_21:20,10.261892914772034
20231208_500119067_21:40,10.14046573638916
20231208_500119067_22:00,10.022262930870056
20231208_500119067_22:20,9.908409357070923
20231208_500119067_22:40,9.799984812736511
20231208_500119067_23:00,9.69801151752472
20231208_500119067_23:20,9.603386521339417
20231208_500119067_23:40,9.51685917377472
20231209_500119067_00:00,9.439065337181091
20231209_500119067_00:20,9.370497345924377
20231209_500119067_00:40,9.311543226242065
20231209_500119067_01:00,9.262523412704468
20231209_500119067_01:20,9.223665714263916
20231209_500119067_01:40,9.195143699645996
20231209_500119067_02:00,9.17708170413971
20231209_500119067_02:20,9.169551491737366
20231209_500119067_02:40,9.172605633735657
20231209_500119067_03:00,9.186239123344421
20231209_500119067_03:20,9.210384368896484
20231209_500119067_03:40,9.244920372962952
20231209_500119067_04:00,9.289653539657593
20231209_500119067_04:20,9.344318509101868
20231209_500119067_04:40,9.408570647239685
20231209_500119067_05:00,9.481985211372375
20231209_500119067_05:20,9.564050674438477
20231209_500119067_05:40,9.65416705608368
20231209_500119067_06:00,9.751662611961365
20231209_500119067_06:20,9.855796337127686
20231209_500119067_06:40,9.965743780136108
20231209_500119067_07:00,10.080632090568542
20231209_500119067_07:20,10.199537515640259
20231209_500119067_07:40,10.321491241455078
20231209_500119067_08:00,10.445509433746338
20231209_500119067_08:20,10.570609092712402
20231209_500119067_08:40,10.695806384086609
20231209_500119067_09:00,10.820146679878235
20231209_500119067_09:20,10.942702054977417
20231209_500119067_09:40,11.062548756599426
20231209_500119067_10:00,11.178803086280823
20231209_500119067_10:20,11.290611386299133
20231209_500119067_10:40,11.397122502326965
20231209_500119067_11:00,11.49750530719757
20231209_500119067_11:20,11.590927839279175
20231209_500119067_11:40,11.676578998565674
20231209_500119067_12:00,11.753684401512146
20231209_500119067_12:20,11.821527242660522
20231209_500119067_12:40,11.879462480545044
20231209_500119067_13:00,11.92694354057312
20231209_500119067_13:20,11.963541507720947
20231209_500119067_13:40,11.988966822624207
20231209_500119067_14:00,12.00306510925293
20231209_500119067_14:20,12.005813837051392
20231209_500119067_14:40,11.99731981754303
20231209_500119067_15:00,11.977802515029907
20231209_500119067_15:20,11.947590708732605
20231209_500119067_15:40,11.907089948654175
20231209_500119067_16:00,11.856761693954468
20231209_500119067_16:20,11.797104120254517
20231209_500119067_16:40,11.728647947311401
20231209_500119067_17:00,11.651935577392578
20231209_500119067_17:20,11.567525267601013
20231209_500119067_17:40,11.475979447364807
20231209_500119067_18:00,11.377863049507141
20231209_500119067_18:20,11.273755192756653
20231209_500119067_18:40,11.164267539978027
20231209_500119067_19:00,11.050044298171997
20231209_500119067_19:20,10.931780576705933
20231209_500119067_19:40,10.810229063034058
20231209_500119067_20:00,10.686206698417664
20231209_500119067_20:20,10.56061053276062
20231209_500119067_20:40,10.434420228004456
20231209_500119067_21:00,10.308684706687927
20231209_500119067_21:20,10.184523820877075
20231209_500119067_21:40,10.063088297843933
20231209_500119067_22:00,9.945534706115723
20231209_500119067_22:20,9.83298122882843
20231209_500119067_22:40,9.726484298706055
20231209_500119067_23:00,9.62700355052948
20231209_500119067_23:20,9.53536343574524
20231209_500119067_23:40,9.452254056930542
20231210_500119067_00:00,9.378232836723328
20231210_500119067_00:20,9.313739538192749
20231210_500119067_00:40,9.259124636650085
20231210_500119067_01:00,9.2146635055542
20231210_500119067_01:20,9.180573105812073
20231210_500119067_01:40,9.157015323638916
20231210_500119067_02:00,9.144110321998596
20231210_500119067_02:20,9.141936540603638
20231210_500119067_02:40,9.150526523590088
20231210_500119067_03:00,9.169861912727356
20231210_500119067_03:20,9.19986093044281
20231210_500119067_03:40,9.240378379821777
20231210_500119067_04:00,9.2911856174469
20231210_500119067_04:20,9.351979732513428
20231210_500119067_04:40,9.42236852645874
20231210_500119067_05:00,9.501873016357422
20231210_500119067_05:20,9.589922428131104
20231210_500119067_05:40,9.685863375663757
20231210_500119067_06:00,9.788955688476562
20231210_500119067_06:20,9.89837908744812
20231210_500119067_06:40,10.013249039649963
20231210_500119067_07:00,10.132619261741638
20231210_500119067_07:20,10.255503416061401
20231210_500119067_07:40,10.380892634391785
20231210_500119067_08:00,10.507765531539917
20231210_500119067_08:20,10.63511323928833
20231210_500119067_08:40,10.761946082115173
20231210_500119067_09:00,10.887306928634644
20231210_500119067_09:20,11.010273694992065
20231210_500119067_09:40,11.12995183467865
20231210_500119067_10:00,11.245471835136414
20231210_500119067_10:20,11.355990052223206
20231210_500119067_10:40,11.460665345191956
20231210_500119067_11:00,11.55866825580597
20231210_500119067_11:20,11.649181842803955
20231210_500119067_11:40,11.731409192085266
20231210_500119067_12:00,11.804594278335571
20231210_500119067_12:20,11.868053674697876
20231210_500119067_12:40,11.921175718307495
20231210_500119067_13:00,11.963478088378906
20231210_500119067_13:20,11.99459445476532
20231210_500119067_13:40,12.014301180839539
20231210_500119067_14:00,12.02251398563385
20231210_500119067_14:20,12.019290447235107
20231210_500119067_14:40,12.004812479019165
20231210_500119067_15:00,11.979368805885315
20231210_500119067_15:20,11.943344116210938
20231210_500119067_15:40,11.89718234539032
20231210_500119067_16:00,11.841381669044495
20231210_500119067_16:20,11.776458621025085
20231210_500119067_16:40,11.702950596809387
20231210_500119067_17:00,11.621394157409668
20231210_500119067_17:20,11.532335042953491
20231210_500119067_17:40,11.436320662498474
20231210_500119067_18:00,11.333915114402771
20231210_500119067_18:20,11.225704193115234
20231210_500119067_18:40,11.112303733825684
20231210_500119067_19:00,10.994376301765442
20231210_500119067_19:20,10.872640371322632
20231210_500119067_19:40,10.747882843017578
20231210_500119067_20:00,10.620964050292969
20231210_500119067_20:20,10.492831110954285
20231210_500119067_20:40,10.364517092704773
20231210_500119067_21:00,10.237127661705017
20231210_500119067_21:20,10.111830234527588
20231210_500119067_21:40,9.98982059955597
20231210_500119067_22:00,9.872287034988403
20231210_500119067_22:20,9.760369420051575
20231210_500119067_22:40,9.65511667728424
20231210_500119067_23:00,9.557461738586426
20231210_500119067_23:20,9.468197345733643
20231210_500119067_23:40,9.387978553771973
20231021_500119067_00:00,0.6686802431941032
20231021_500119067_00:20,0.681139275431633
20231021_500119067_00:40,0.6943497955799103
20231021_500119067_01:00,0.7219070643186569
20231021_500119067_01:20,0.7597780078649521
20231021_500119067_01:40,0.790049634873867
20231021_500119067_02:00,0.8491357564926147
20231021_500119067_02:20,0.9206291735172272
20231021_500119067_02:40,0.989345595240593
20231021_500119067_03:00,1.0962022840976715
20231021_500119067_03:20,1.241235226392746
20231021_500119067_03:40,1.3854087740182877
20231021_500119067_04:00,1.5941333025693893
20231021_500119067_04:20,1.8288867771625519
20231021_500119067_04:40,2.1655110120773315
20231021_500119067_05:00,2.562403440475464
20231021_500119067_05:20,3.0115632116794586
20231021_500119067_05:40,3.6527342200279236
20231021_500119067_06:00,4.347962915897369
20231021_500119067_06:20,5.124199390411377
20231021_500119067_06:40,6.167144238948822
20231021_500119067_07:00,7.155460000038147
20231021_500119067_07:20,8.15403926372528
20231021_500119067_07:40,9.345499277114868
20231021_500119067_08:00,10.576475381851196
20231021_500119067_08:20,11.350778818130493
20231021_500119067_08:40,11.98084580898285
20231021_500119067_09:00,12.56072723865509
20231021_500119067_09:20,12.900296926498413
20231021_500119067_09:40,13.318796157836914
20231021_500119067_10:00,13.58701241016388
20231021_500119067_10:20,13.61198627948761
20231021_500119067_10:40,13.59084928035736
20231021_500119067_11:00,13.581159472465515
20231021_500119067_11:20,13.581509947776794
20231021_500119067_11:40,13.43843924999237
20231021_500119067_12:00,13.246569871902466
20231021_500119067_12:20,12.992841601371765
20231021_500119067_12:40,12.55350911617279
20231021_500119067_13:00,11.961603879928589
20231021_500119067_13:20,11.389301061630249
20231021_500119067_13:40,10.764593839645386
20231021_500119067_14:00,10.046357274055481
20231021_500119067_14:20,9.318827271461487
20231021_500119067_14:40,8.576645731925964
20231021_500119067_15:00,7.863753914833069
20231021_500119067_15:20,7.12241268157959
20231021_500119067_15:40,6.309329569339752
20231021_500119067_16:00,5.512760519981384
20231021_500119067_16:20,4.733172416687012
20231021_500119067_16:40,3.9369183778762817
20231021_500119067_17:00,3.4428579211235046
20231021_500119067_17:20,2.9483418464660645
20231021_500119067_17:40,2.531820923089981
20231021_500119067_18:00,2.2167820036411285
20231021_500119067_18:20,1.9583654999732971
20231021_500119067_18:40,1.7148653715848923
20231021_500119067_19:00,1.5256820321083069
20231021_500119067_19:20,1.3454231917858124
20231021_500119067_19:40,1.1936883479356766
20231021_500119067_20:00,1.089651420712471
20231021_500119067_20:20,0.9825815260410309
20231021_500119067_20:40,0.8988087475299835
20231021_500119067_21:00,0.8333235308527946
20231021_500119067_21:20,0.7891126871109009
20231021_500119067_21:40,0.7587780058383942
20231021_500119067_22:00,0.7283599302172661
20231021_500119067_22:20,0.705296516418457
20231021_500119067_22:40,0.7090379968285561
20231021_500119067_23:00,0.7102465108036995
20231021_500119067_23:20,0.6887582540512085
20231021_500119067_23:40,0.6820286065340042
20231022_500119067_00:00,0.6949421614408493
20231022_500119067_00:20,0.715362511575222
20231022_500119067_00:40,0.7482625991106033
20231022_500119067_01:00,0.7751985564827919
20231022_500119067_01:20,0.8020545616745949
20231022_500119067_01:40,0.8559005558490753
20231022_500119067_02:00,0.9212784916162491
20231022_500119067_02:20,0.9942670613527298
20231022_500119067_02:40,1.0822698473930359
20231022_500119067_03:00,1.2029500752687454
20231022_500119067_03:20,1.3681700825691223
20231022_500119067_03:40,1.5456569343805313
20231022_500119067_04:00,1.7686467468738556
20231022_500119067_04:20,2.090846836566925
20231022_500119067_04:40,2.4602261185646057
20231022_500119067_05:00,2.934349536895752
20231022_500119067_05:20,3.455284357070923
20231022_500119067_05:40,4.133091926574707
20231022_500119067_06:00,4.9696255922317505
20231022_500119067_06:20,5.950598478317261
20231022_500119067_06:40,7.0222309827804565
20231022_500119067_07:00,8.01710855960846
20231022_500119067_07:20,9.096331357955933
20231022_500119067_07:40,10.356728196144104
20231022_500119067_08:00,11.656304836273193
20231022_500119067_08:20,12.618318676948547
20231022_500119067_08:40,13.277692079544067
20231022_500119067_09:00,13.797982692718506
20231022_500119067_09:20,14.14336109161377
20231022_500119067_09:40,14.343807935714722
20231022_500119067_10:00,14.44485330581665
20231022_500119067_10:20,14.443044185638428
20231022_500119067_10:40,14.385748147964478
20231022_500119067_11:00,14.292885541915894
20231022_500119067_11:20,14.083845376968384
20231022_500119067_11:40,13.821402788162231
20231022_500119067_12:00,13.52275276184082
20231022_500119067_12:20,13.18665862083435
20231022_500119067_12:40,12.766183376312256
20231022_500119067_13:00,12.22215723991394
20231022_500119067_13:20,11.680071234703064
20231022_500119067_13:40,11.086642265319824
20231022_500119067_14:00,10.391332626342773
20231022_500119067_14:20,9.635573506355286
20231022_500119067_14:40,8.906838536262512
20231022_500119067_15:00,8.148743748664856
20231022_500119067_15:20,7.38611114025116
20231022_500119067_15:40,6.617931425571442
20231022_500119067_16:00,5.877053320407867
20231022_500119067_16:20,5.200356423854828
20231022_500119067_16:40,4.582086682319641
20231022_500119067_17:00,3.9990680813789368
20231022_500119067_17:20,3.450812667608261
20231022_500119067_17:40,2.894232839345932
20231022_500119067_18:00,2.4737202525138855
20231022_500119067_18:20,2.135548710823059
20231022_500119067_18:40,1.8546951115131378
20231022_500119067_19:00,1.6307035237550735
20231022_500119067_19:20,1.4422729760408401
20231022_500119067_19:40,1.2790121883153915
20231022_500119067_20:00,1.1416874080896378
20231022_500119067_20:20,1.0403669774532318
20231022_500119067_20:40,0.9654622673988342
20231022_500119067_21:00,0.9016478061676025
20231022_500119067_21:20,0.8526904731988907
20231022_500119067_21:40,0.8210780173540115
20231022_500119067_22:00,0.7984500899910927
20231022_500119067_22:20,0.785479374229908
20231022_500119067_22:40,0.7787614092230797
20231022_500119067_23:00,0.7685701921582222
20231022_500119067_23:20,0.7528900727629662
20231022_500119067_23:40,0.7504430562257767
20231023_500119067_00:00,0.763074666261673
20231023_500119067_00:20,0.7824685201048851
20231023_500119067_00:40,0.8095849305391312
20231023_500119067_01:00,0.8441873788833618
20231023_500119067_01:20,0.8870206773281097
20231023_500119067_01:40,0.939058855175972
20231023_500119067_02:00,1.0024386644363403
20231023_500119067_02:20,1.080168977379799
20231023_500119067_02:40,1.1762852668762207
20231023_500119067_03:00,1.296575590968132
20231023_500119067_03:20,1.4475496113300323
20231023_500119067_03:40,1.638160303235054
20231023_500119067_04:00,1.8797626495361328
20231023_500119067_04:20,2.18381604552269
20231023_500119067_04:40,2.562130779027939
20231023_500119067_05:00,3.023807942867279
20231023_500119067_05:20,3.5810916423797607
20231023_500119067_05:40,4.243314325809479
20231023_500119067_06:00,5.014737606048584
20231023_500119067_06:20,5.8965184688568115
20231023_500119067_06:40,6.876721560955048
20231023_500119067_07:00,7.929837703704834
20231023_500119067_07:20,9.03622317314148
20231023_500119067_07:40,10.165737509727478
20231023_500119067_08:00,11.244945287704468
20231023_500119067_08:20,12.205463767051697
20231023_500119067_08:40,13.030497670173645
20231023_500119067_09:00,13.713826894760132
20231023_500119067_09:20,14.247332096099854
20231023_500119067_09:40,14.620776891708374
20231023_500119067_10:00,14.83145260810852
20231023_500119067_10:20,14.910925388336182
20231023_500119067_10:40,14.903401851654053
20231023_500119067_11:00,14.822154998779297
20231023_500119067_11:20,14.653449535369873
20231023_500119067_11:40,14.3871750831604
20231023_500119067_12:00,14.029541730880737
20231023_500119067_12:20,13.599485993385315
20231023_500119067_12:40,13.11856460571289
20231023_500119067_13:00,12.601389050483704
20231023_500119067_13:20,12.045321583747864
20231023_500119067_13:40,11.437518119812012
20231023_500119067_14:00,10.770700454711914
20231023_500119067_14:20,10.042724847793579
20231023_500119067_14:40,9.25238299369812
20231023_500119067_15:00,8.40666937828064
20231023_500119067_15:20,7.527130722999573
20231023_500119067_15:40,6.6463295221328735
20231023_500119067_16:00,5.801658570766449
20231023_500119067_16:20,5.024478733539581
20231023_500119067_16:40,4.332323372364044
20231023_500119067_17:00,3.7313854694366455
20231023_500119067_17:20,3.217375874519348
20231023_500119067_17:40,2.7840911746025085
20231023_500119067_18:00,2.422461152076721
20231023_500119067_18:20,2.12076136469841
20231023_500119067_18:40,1.8659950196743011
20231023_500119067_19:00,1.6464505046606064
20231023_500119067_19:20,1.4540094137191772
20231023_500119067_19:40,1.2900715619325638
20231023_500119067_20:00,1.158597320318222
20231023_500119067_20:20,1.055896371603012
20231023_500119067_20:40,0.9754132628440857
20231023_500119067_21:00,0.9123641103506088
20231023_500119067_21:20,0.8641005307435989
20231023_500119067_21:40,0.8293473049998283
20231023_500119067_22:00,0.8070568665862083
20231023_500119067_22:20,0.7952889800071716
20231023_500119067_22:40,0.7891835644841194
20231023_500119067_23:00,0.785235084593296
20231023_500119067_23:20,0.784549780189991
20231023_500119067_23:40,0.789838045835495
20231024_500119067_00:00,0.802651047706604
20231024_500119067_00:20,0.8234832063317299
20231024_500119067_00:40,0.852253369987011
20231024_500119067_01:00,0.8888965547084808
20231024_500119067_01:20,0.9341626316308975
20231024_500119067_01:40,0.9892195910215378
20231024_500119067_02:00,1.056007668375969
20231024_500119067_02:20,1.1378710865974426
20231024_500119067_02:40,1.239238977432251
20231024_500119067_03:00,1.3659482151269913
20231024_500119067_03:20,1.5251051038503647
20231024_500119067_03:40,1.7260830849409103
20231024_500119067_04:00,1.9806342422962189
20231024_500119067_04:20,2.30060276389122
20231024_500119067_04:40,2.696183204650879
20231024_500119067_05:00,3.1777079105377197
20231024_500119067_05:20,3.755393862724304
20231024_500119067_05:40,4.439299285411835
20231024_500119067_06:00,5.233702898025513
20231024_500119067_06:20,6.134949743747711
20231024_500119067_06:40,7.1279376745224
20231024_500119067_07:00,8.18966257572174
20231024_500119067_07:20,9.29873251914978
20231024_500119067_07:40,10.421775579452515
20231024_500119067_08:00,11.489542007446289
20231024_500119067_08:20,12.435757756233215
20231024_500119067_08:40,13.24315357208252
20231024_500119067_09:00,13.911923885345459
20231024_500119067_09:20,14.435166835784912
20231024_500119067_09:40,14.802231311798096
20231024_500119067_10:00,15.011520147323608
20231024_500119067_10:20,15.089429140090942
20231024_500119067_10:40,15.07857608795166
20231024_500119067_11:00,14.995813846588135
20231024_500119067_11:20,14.828935861587524
20231024_500119067_11:40,14.566540002822876
20231024_500119067_12:00,14.213634729385376
20231024_500119067_12:20,13.788710117340088
20231024_500119067_12:40,13.313053369522095
20231024_500119067_13:00,12.800273776054382
20231024_500119067_13:20,12.248467922210693
20231024_500119067_13:40,11.644673228263855
20231024_500119067_14:00,10.980530023574829
20231024_500119067_14:20,10.252493500709534
20231024_500119067_14:40,9.459342002868652
20231024_500119067_15:00,8.60750675201416
20231024_500119067_15:20,7.717425465583801
20231024_500119067_15:40,6.822320282459259
20231024_500119067_16:00,5.960252404212952
20231024_500119067_16:20,5.1630324721336365
20231024_500119067_16:40,4.450144410133362
20231024_500119067_17:00,3.829104244709015
20231024_500119067_17:20,3.2984422743320465
20231024_500119067_17:40,2.851481109857559
20231024_500119067_18:00,2.4791540801525116
20231024_500119067_18:20,2.1695095598697662
20231024_500119067_18:40,1.9090884625911713
20231024_500119067_19:00,1.684711143374443
20231024_500119067_19:20,1.4879630655050278
20231024_500119067_19:40,1.3202664703130722
20231024_500119067_20:00,1.185811311006546
20231024_500119067_20:20,1.0809517055749893
20231024_500119067_20:40,0.9986196309328079
20231024_500119067_21:00,0.9339427500963211
20231024_500119067_21:20,0.8844619989395142
20231024_500119067_21:40,0.8488519340753555
20231024_500119067_22:00,0.8260636851191521
20231024_500119067_22:20,0.813776396214962
20231024_500119067_22:40,0.8072919249534607
20231024_500119067_23:00,0.8032081574201584
20231024_500119067_23:20,0.802367277443409
20231024_500119067_23:40,0.8072745054960251
